,x
1,ATGACGCTTTGG
2,ATCTTATAAATT
3,TCCTCTACTGCT
4,TGTACATAGCGT
5,CTTAGCTACCCA
6,ACTGTCGCGCAA
7,TGGCAACTCCCG
8,CCATACTAGTGT
9,TACCTCGGCATG
10,ACTACTAGACGT
11,AAGGCTTCCTCG
12,AAGGGACCAGAT
13,CGCCCGAGAGTG
14,TCCCTTCTACAC
15,GCTCGGACCTAG
16,GCTAGCCTTTCA
17,CCACTACGACCT
18,TTCACTGCATGC
19,AACGATTCAATT
20,CAGTGCTCGAGC
21,GAGGCCAACGCG
22,CACATAACCTCC
23,TGCCTGTCATTA
24,ACTAATACTTGC
25,TCCGTTATTCTC
26,ATGGACAGGCGA
27,AAGGTGGTGGGT
28,AAAGTTAATAAA
29,GTCAGCTGACAC
30,AGTGTCCTTCTC
31,CGCCTTGGCAGA
32,TTCAAGACCGAT
33,TCCCCATCTGTC
34,CTACTCTAATAC
35,GCCCGTACATAA
36,GAATACTGCGGT
37,CAATGCGGCGCG
38,TGAGTTTACCCG
39,CAATGCCTCGAC
40,CGAGCCCACCTC
41,GTACGTCAATGC
42,GGTGCTCCCGGC
43,AGCCCGGCGCGG
44,ACCTCGTATCAA
45,AAGCGCTCTTCA
46,AATTGGTCTTGT
47,ACCAAGAGTGAT
48,GGATTGTTTAGG
49,GCCTACTGTTTG
50,TAGCGGTGAGTA
51,GTTGGGACGTAA
52,GCTCAGGATTTG
53,AATTTGAAACAT
54,ACACCTCGTCAA
55,CTAACTTACAAC
56,TCTAAGTGGGTC
57,GATTGAATTTGT
58,CCTGCCGCCTTG
